{
    "confusion_matrix": [
        [
            238,
            0,
            0,
            0
        ],
        [
            0,
            248,
            0,
            1
        ],
        [
            0,
            0,
            268,
            0
        ],
        [
            0,
            6,
            0,
            239
        ]
    ],
    "accuracy": 0.993,
    "TPR": 0.9928735349561512,
    "FPR": 0.0023284627119690305,
    "f1_score": 0.9929987087782584,
    "auc_score": 0.999801055474334
}